{"Tests":"Ir96Sr0_62","Sucess":391,"Fail":145,"Percentage":0.7295 }
{"Tests":"Ir96Sr0_65","Sucess":384,"Fail":135,"Percentage":0.7399}
{"Tests":"Ir96Sr0_66","Sucess":429,"Fail":154,"Percentage":0.7358490566037735}
{"Tests":"Ir96Sr0_67","Sucess":444,"Fail":139,"Percentage":0.7615780445969125}
{"Tests":"Ir96Sr0_69","Sucess":456,"Fail":165,"Percentage":0.7342995169082126}
{"Tests":"Ir96Sr0_71","Sucess":421,"Fail":174,"Percentage":0.7075630252100841}
{"Tests":"Ir96Sr0_73","Sucess":441,"Fail":154,"Percentage":0.7411764705882353}
{"Tests":"Ir96Sr0_74","Sucess":318,"Fail":158,"Percentage":0.6680672268907563}
{"Tests":"Ir96Sr0_75","Sucess":330,"Fail":195,"Percentage":0.6285714285714286}
{"Tests":"Ir96Sr0_76","Sucess":493,"Fail":166,"Percentage":0.7481031866464339}
{"Tests":"Ir96Sr0_79","Sucess":497,"Fail":162,"Percentage":0.7541729893778453}
{"Tests":"Ir96Sr0_81","Sucess":531,"Fail":163,"Percentage":0.7651296829971181}
{"Tests":"Ir96Sr0_83","Sucess":495,"Fail":164,"Percentage":0.7511380880121397}
{"Tests":"Ir96Sr0_84","Sucess":194,"Fail":84,"Percentage":0.697841726618705}
{"Tests":"Ir96Sr0_85","Sucess":430,"Fail":236,"Percentage":0.6456456456456456}
{"Tests":"Ir96Sr0_88","Sucess":543,"Fail":164,"Percentage":0.768033946251768}
{"Tests":"Ir96Sr0_89","Sucess":537,"Fail":170,"Percentage":0.7595473833097596}
{"Tests":"Ir96Sr0_90","Sucess":463,"Fail":244,"Percentage":0.6548797736916548}
{"Tests":"Ir96Sr0_91","Sucess":471,"Fail":228,"Percentage":0.6738197424892703}
{"Tests":"Ir96Sr0_92.1","Sucess":543,"Fail":164,"Percentage":0.768033946251768}
{"Tests":"Ir96Sr0_93","Sucess":541,"Fail":165,"Percentage":0.7662889518413598}
{"Tests":"Ir96Sr0_94","Sucess":1295,"Fail":256,"Percentage":0.8349451966473244}
{"Tests":"Ir96Sr0_95","Sucess":1109,"Fail":202,"Percentage":0.8459191456903128}
{"Tests":"Ir96Sr0_97","Sucess":913,"Fail":279,"Percentage":0.7659395973154363}
{"Tests":"Ir96Sr0_98","Sucess":509,"Fail":274,"Percentage":0.6500638569604087}
{"Tests":"Ir96Sr0_100","Sucess":638,"Fail":220,"Percentage":0.7435897435897436}
{"Tests":"Ir96Sr0_102","Sucess":1243,"Fail":222,"Percentage":0.8484641638225257}
{"Tests":"Ir96Sr0_104","Sucess":1356,"Fail":286,"Percentage":0.8258221680876979}
{"Tests":"Ir96Sr0_105","Sucess":1510,"Fail":270,"Percentage":0.848314606741573}
{"Tests":"Ir96Sr0_108","Sucess":2007,"Fail":1214,"Percentage":0.6230984166407948}
{"Tests":"Ir96Sr0_112","Sucess":1326,"Fail":334,"Percentage":0.7987951807228916}
{"Tests":"Ir96Sr0_113","Sucess":1073,"Fail":307,"Percentage":0.777536231884058}
{"Tests":"Ir96Sr0_114","Sucess":495,"Fail":170,"Percentage":0.7443609022556391}
{"Tests":"Ir96Sr0_117","Sucess":432,"Fail":288,"Percentage":0.6}
{"Tests":"Ir96Sr0_118","Sucess":388,"Fail":316,"Percentage":0.5511363636363636}
{"Tests":"Ir96Sr0_120","Sucess":511,"Fail":208,"Percentage":0.7107093184979137}
{"Tests":"Ir96Sr0_121","Sucess":527,"Fail":193,"Percentage":0.7319444444444444}
{"Tests":"Ir96Sr0_128","Sucess":415,"Fail":308,"Percentage":0.573997233748271}
{"Tests":"Ir96Sr0_136","Sucess":532,"Fail":167,"Percentage":0.7610872675250357}